6B英语背诵,U1词组,来访的学生,visiting students,,问答
6B英语背诵,U1词组,与某人分享,share with sb.,,问答
6B英语背诵,U1词组,看起来像,look like,,问答
6B英语背诵,U1词组,蓝衣女孩,the girl in blue,,问答
6B英语背诵,U1词组,比 Mika 高,taller than Mika,,问答
6B英语背诵,U1词组,带着温暖的笑容,with a warm smile,,问答
6B英语背诵,U1词组,一只叫 Fool 的肥猫,a fat cat called Fool,,问答
6B英语背诵,U1词组,离我们学校很远,far from our school,,问答
6B英语背诵,U1词组,愿意帮助某人,offer to help sb.,,问答
6B英语背诵,U1词组,听起来令人兴奋,sound exciting,,问答
6B英语背诵,U1词组,擅长于,be good/great at,,问答
6B英语背诵,U1词组,看起来很伤心,look sad,,问答
6B英语背诵,U1词组,嘲笑我,laugh at me,,问答
6B英语背诵,U1词组,毫无疑问,without any doubt,,问答
6B英语背诵,U1词组,给以教训,teach a lesson,,问答
6B英语背诵,U1词组,几年后,in a few years,,问答
6B英语背诵,U1词组,受伤,get hurt,,问答
6B英语背诵,U1词组,能够,be able to,,问答
6B英语背诵,U1词组,穿蓝色短裙,in the blue skirt,,问答
6B英语背诵,U1词组,将来到我们的学校,will come to our school,,问答
6B英语背诵,U1词组,天鹅湖,Swan Lake,,问答
6B英语背诵,U1词组,棕色的卷发,brown curly hair,,问答
6B英语背诵,U1词组,优点,strong points,,问答
6B英语背诵,U1词组,一副甜美的嗓音,a beautiful voice,,问答
6B英语背诵,U1词组,又高又苗条,tall and slim,,问答
6B英语背诵,U1词组,一所姐妹学校,a partner school,,问答
6B英语背诵,U1词组,自我介绍,self-introduction,,问答
6B英语背诵,U1词组,黑色的直发,black straight hair,,问答
6B英语背诵,U1词组,一只夜莺和一只孔雀,a nightingale and a peacock,,问答
6B英语背诵,U1词组,独一无二的技能,unique skills,,问答
6B英语背诵,U1词组,一些来访学生的一张照片,a picture of some visiting students,,问答
6B英语背诵,U1词组,将共同举办一场学生达人秀,will have a student talent show together,,问答
6B英语背诵,U1词组,通过触摸来学习单词,to learn words by touching things,,问答
6B英语背诵,U1词组,有史以来最伟大的作曲家之一,one of the greatest composers of all time,,问答
6B英语背诵,U1词组,任何我可以做的事情,anything I can do,,问答
6B英语背诵,U1词组,擅长不同的东西,be good at different things,,问答
6B英语背诵,U1词组,和她的班级分享一张来访学生的照片,share with her class a picture of visiting students,,问答
6B英语背诵,U1词组,形成良好的习惯,form a good habit/good habits,,问答
6B英语背诵,U1词组,一张我和我最好的朋友的照片,a photograph of my best friend and me,,问答
6B英语背诵,U1词组,很多优点和缺点,a lot of strong points and weak points,,问答
6B英语背诵,U1词组,花很多时间在电脑游戏上,spend much time on computer games,,问答
6B英语背诵,U1词组,为活动方案做准备,prepare for the programme,,问答
6B英语背诵,U1词组,询问其他学生关于我们的活动方案,ask other students about our programme,,问答
6B英语背诵,U1词组,在才艺秀上讲一个寓言故事,tell a fable in the talent show,,问答
6B英语背诵,U1句子,今晚有一场英语电影。,There is going to be an English film tonight.,,问答
6B英语背诵,U1句子,"他这是期很忙, 但下星期有空。","He is very busy this week, but he will be free next week.",,问答
6B英语背诵,U1句子,这个暑假你打算去哪里?,Where are you going this summer holiday?,,问答
6B英语背诵,U1句子,汤姆(Tom)三天后会和他父母一起去福州吗?,Will Tom go to Fuzhou with his parents in three days?,,问答
6B英语背诵,U1句子,陆遥不主持下周的班会。,Lu Yao won't host the class meeting next week.,,问答
6B英语背诵,U1句子,不同的人擅长不同的事情。,Different people are good at different things.,,问答
6B英语背诵,U1句子,"毫无疑问, 杰瑞几年后会成为一名优秀的舞者。","Without any doubt, Jerry will be a good dancer in a few years.",,问答
6B英语背诵,U1句子,我们都希望项目将会成功。,We all hope that the project will be a success.,,问答
6B英语背诵,U1句子,烘焙正成为年轻人下班后最受欢迎的活动之一。,Baking is becoming one of the most popular after-work activities among young people.,,问答
6B英语背诵,U1句子,"面朝阳光,你就看不到阴影。",Keep your face to the sunshine and you cannot see the shadow.,,问答
6B英语背诵,U1句子,汤米(Tommy)擅长唱歌和跳舞。,Tommy is good at singing and dancing.,,问答
6B英语背诵,U1句子,"当我唱歌的时候,每个人都会嘲笑我。","When I sing, everyone will laugh at me.",,问答
6B英语背诵,U1句子,你可以凭借你美丽的羽毛和舞蹈技能成为一名优秀的舞者。,You can be a good dancer with your beautiful feathers and dancing skills.,,问答
6B英语背诵,U1句子,那只夜莺拥有一副可爱的嗓音。,The nightingale has a lovely voice.,,问答
6B英语背诵,U1句子,那棵睿智的老树拍了拍他。,The wise old tree pats/patted him.,,问答
6B英语背诵,U1句子,孔雀和其他动物不同。,The peacock is different from other animals.,,问答
6B英语背诵,U1句子,Kitty 擅长画画。,Kitty is good at drawing.,,问答
6B英语背诵,U1句子,Lisa 比我瘦。,Lisa is thinner than me.,,问答
6B英语背诵,U1句子,"毫无疑问,他将来将是一名老师。","Without any doubt, he will be a teacher in the future.",,问答
6B英语背诵,U1句子,"当她唱歌的时候,每个人都嘲笑她。","When she sings a song, everyone laughs at her.",,问答
6B英语背诵,U1句子,"在听完这个令人激动的消息后, 他欢呼雀跃。","After he listened to the exciting news, he jumped for joy.",,问答
6B英语背诵,U1句子,我妹妹有棕色的卷发而我想想有黑色的直发。,My younger sister has brown curly hair while my elder sister has dark straight hair.,,问答
6B英语背诵,U1句子,我将会拥有什么样的能力?,What abilities will I have?,,问答
6B英语背诵,U1句子,"毫无疑问, 她将会在几年后成为一名优秀的歌手。","Without any doubt, she will be a great singer in several years’ time.",,问答
6B英语背诵,U1句子,不同的人擅长不同的事。,Different people are good at different things.,,问答
6B英语背诵,U1句子,孔雀不知道他能做什么。,The peacock doesn't know what he can do.,,问答
6B英语背诵,U1句子,"三年后, 我的身高将会超过175厘米。",I will be over 175 centimeters tall in three years’ time.,,问答
6B英语背诵,U1句子,"毫无疑问, 每个人都拥有他们独一无二的个性。","Without any doubt, everyone has their (/his or her) own unique personality.",,问答
6B英语背诵,U1句子,陆瑶将会为学生才艺秀提供一些帮助。,Lu Yao will offer some help in the student talent show.,,问答
6B英语背诵,U1句子,让我们来谈论一下我们班级同学们的优点。,Let's talk about our classmates’ strong points.,,问答
6B英语背诵,U2词组,等红灯,wait at a red light,,问答
6B英语背诵,U2词组,准时到达学校,arrive at school on time,,问答
6B英语背诵,U2词组,大声说话,talk loudly,,问答
6B英语背诵,U2词组,玩得愉快,have a good time/enjoy oneself,,问答
6B英语背诵,U2词组,回来,come back,,问答
6B英语背诵,U2词组,起初,at first,,问答
6B英语背诵,U2词组,在地铁站,in the underground station,,问答
6B英语背诵,U2词组,在电梯上,on the escalator,,问答
6B英语背诵,U2词组,把位子让给某人,give one's seat to sb.,,问答
6B英语背诵,U2词组,别的什么,what else,,问答
6B英语背诵,U2词组,怀有梦想,have a dream,,问答
6B英语背诵,U2词组,醒过来,wake up,,问答
6B英语背诵,U2词组,把……扔进……,throw…into…,,问答
6B英语背诵,U2词组,对……感兴趣,be interested in,,问答
6B英语背诵,U2词组,指出,point out,,问答
6B英语背诵,U2词组,准备好做某事,be ready to do sth.,,问答
6B英语背诵,U2词组,大喊,cry out,,问答
6B英语背诵,U2词组,遵守规则,follow rules,,问答
6B英语背诵,U2词组,保持安静,keep quiet,,问答
6B英语背诵,U2词组,坚持锻炼,keep doing exercise,,问答
6B英语背诵,U2词组,集中注意力于某事,pay attention to sth.,,问答
6B英语背诵,U2词组,看起来不开心,look unhappy,,问答
6B英语背诵,U2词组,轮到某人做某事,one's turn to do sth.,,问答
6B英语背诵,U2词组,注意他,paid attention to him,,问答
6B英语背诵,U2词组,打篮球的时候,playing basketball,,问答
6B英语背诵,U2词组,保持不断前行,keep moving forward,,问答
6B英语背诵,U2词组,地铁站,underground station,,问答
6B英语背诵,U2词组,公共场所,public places,,问答
6B英语背诵,U2词组,乘客通告,announcements for passengers,,问答
6B英语背诵,U2词组,留下垃圾,leave rubbish,,问答
6B英语背诵,U2词组,搞花,pick flowers,,问答
6B英语背诵,U2词组,在月台上,on the platform,,问答
6B英语背诵,U2词组,不得倚靠,no leaning,,问答
6B英语背诵,U2词组,一名交换生,an exchange student,,问答
6B英语背诵,U2词组,戴安全手套,wear safety gloves,,问答
6B英语背诵,U2词组,穿露脚趾的鞋,wear open-toed shoes,,问答
6B英语背诵,U2词组,做一些实验,do some experiments,,问答
6B英语背诵,U2词组,学校规章,school rules,,问答
6B英语背诵,U2词组,一个安全的游泳区域,a safe swimming area,,问答
6B英语背诵,U2词组,地铁走这边,underground this way,,问答
6B英语背诵,U2词组,礼貌地排队等待,stand in line politely,,问答
6B英语背诵,U2词组,注意脚下间隙,mind the gap,,问答
6B英语背诵,U2词组,告诉他不要在教室里玩游戏,ask him not to play games in the classroom,,问答
6B英语背诵,U2词组,一些实验室的标志和规章条例,some signs and rules in the lab,,问答
6B英语背诵,U2词组,一些公共场所的通告,some announcements in public places,,问答
6B英语背诵,U2词组,帮助我们举止得当以及保证安全,help us behave well and stay safe,,问答
6B英语背诵,U2词组,保持教室干净和整洁,keep the classroom clean and tidy,,问答
6B英语背诵,U2词组,在地铁上给其他人让座,give seats to others on the underground,,问答
6B英语背诵,U2词组,一个没有任何规则的更美好的地方,a better place without any rules,,问答
6B英语背诵,U2词组,未经允许拿走别人的东西,take others’ things without asking them,,问答
6B英语背诵,U2句子,校规帮助我们表现良好，保持安全和快乐。,"School rules help us behave well, stay safe and be happy.",,问答
6B英语背诵,U2句子,干净的房间让我们每天都很开心。,Clean rooms make us happy every day.,,问答
6B英语背诵,U2句子,"米莉(Millie)对科学感兴趣,她想读更多关于科学的有趣书籍",Millie is interested in science and she wants to read more fun books about it.,,问答
6B英语背诵,U2句子,你还能在哪里找到 “No leaning.” 的标志?,Where else can you find the sign of “No leaning.”?,,问答
6B英语背诵,U2句子,请在黄线处等待并注意间隙。,Please wait at the yellow line and mind the gap.,,问答
6B英语背诵,U2句子,我们不能在实验室里吃喝。,We mustn’t eat or drink in the lab.,,问答
6B英语背诵,U2句子,你准备好去实验室做一些实验了吗?,Are you ready to go to the lab and do some experiments?,,问答
6B英语背诵,U2句子,"照顾好树木,使它们长得又大又壮。",Take care of the trees to make them grow big and strong.,,问答
6B英语背诵,U2句子,"起初,鲍勃(Bob)认为没有规则的学校生活会很有趣。","At first, Bob thinks the school life will be fun without rules.",,问答
6B英语背诵,U2句子,这里禁止右转。,Don’t turn right here./You mustn’t turn right here.,,问答
6B英语背诵,U2句子,今天发生什么事了?,What’s happening today?,,问答
6B英语背诵,U2句子,这个标志是什么意思?,What does this sign mean?,,问答
6B英语背诵,U2句子,轮到 Bob 来展示他的飞机模型了。,It’s Bob’s turn to show his model plane.,,问答
6B英语背诵,U2句子,我们应该在实验室遵守什么规则？,What rules must we follow in the lab?,,问答
6B英语背诵,U2句子,怀特老师和她的学生们正在讨论课堂规章。,Mrs. White and her students are discussing the class rules.,,问答
6B英语背诵,U2句子,"在我们开始之前,先看看规则,以保证安全。","Before we get started, look at the rules first to keep safe.",,问答
6B英语背诵,U2句子,你还能在哪里找到“禁止吸烟”的标志?,Where else can you find the sign “No smoking.”?,,问答
6B英语背诵,U2句子,你应该注意听你的老师讲话。,You should pay attention to your teacher.,,问答
6B英语背诵,U2句子,他们轮流照顾她。,They take turns to take care of her.,,问答
6B英语背诵,U2句子,"在公共场合,插队是不礼貌的。",It is not polite to jump the queue in public.,,问答
6B英语背诵,U2句子,我们禁止在图书馆里吃东西和喝水。,We mustn’t eat or drink in the library.,,问答
6B英语背诵,U2句子,这一切都是因为今天没有规章制度。,It’s all because there are no rules today.,,问答
6B英语背诵,U2句子,"所有的学生都注意到他,因为他说话很吵。",All the students paid attention to him because he talked/was talking very loudly.,,问答
6B英语背诵,U2句子,"在实验室里,不要穿露脚趾的鞋子。",Don’t wear open-toe shoes in the lab.,,问答
6B英语背诵,U2句子,"当我们在海滩上看到一面红旗的时候,就不能在水里游泳。",We mustn’t/can’t swim in the water when we see a red flag at the beach.,,问答
6B英语背诵,U2句子,"在儿童乐园, 6 岁以下的孩子必须由家长陪伴。",Children under 6 must be accompanied by parents in the children's park.,,问答
6B英语背诵,U2句子,"当你在实验室工作的时候, 记得要戴上安全手套。",Remember to wear safety gloves when you are working in the lab.,,问答
6B英语背诵,U2句子,一对黑白旗的意思是这里是冲浪的区域。,A pair of white and black flags means that it is a surfing area.,,问答
6B英语背诵,U2句子,我们必须在公共场所遵循各种规章制度。,We must follow all kinds of rules in public places.,,问答
6B英语背诵,U2句子,我能在地铁站的手扶电梯上看到这个标志。,I can see the sign on the escalator in the underground station.,,问答
6B英语背诵,U3词组,"接近,靠近",close to,,问答
6B英语背诵,U3词组,将水倒在彼此身上以求好运,pour water over one another for good luck,,问答
6B英语背诵,U3词组,传递好运,pass on good luck,,问答
6B英语背诵,U3词组,互相扔西红柿,throw tomatoes at each other,,问答
6B英语背诵,U3词组,看灯会,watch lantern shows,,问答
6B英语背诵,U3词组,不同国家的人们,people in different countries,,问答
6B英语背诵,U3词组,查看我们的网站了解更多信息,check out our website for more information,,问答
6B英语背诵,U3词组,腊八粥,Laba porridge,,问答
6B英语背诵,U3词组,幸运食物,lucky foods,,问答
6B英语背诵,U3词组,全家去某地旅行,go on a family trip to sp.,,问答
6B英语背诵,U3词组,食物传统,food traditions,,问答
6B英语背诵,U3词组,与我的父母谈一谈,talk to my mum and dad,,问答
6B英语背诵,U3词组,祝你新年快乐,Happy New Year to you,,问答
6B英语背诵,U3词组,别的东西,something else,,问答
6B英语背诵,U3词组,想起,think of,,问答
6B英语背诵,U3词组,根据;按照,according to,,问答
6B英语背诵,U3词组,想念她的朋友,miss her friends,,问答
6B英语背诵,U3词组,在当地的一家茶馆里,in a local tea house,,问答
6B英语背诵,U3词组,与中国在同一天,on the same day as China,,问答
6B英语背诵,U3词组,在中秋节这一天,On Mid-Autumn Day,,问答
6B英语背诵,U3词组,来自中国,come from China,,问答
6B英语背诵,U3词组,给我们带来一年的好运,bring us a year's good luck,,问答
6B英语背诵,U3词组,爱丁堡国际艺术节,the Edinburgh International Festival,,问答
6B英语背诵,U3词组,带来财富,bring wealth,,问答
6B英语背诵,U3词组,嫦娥奔月的故事,the story of Chang’e flying to the moon,,问答
6B英语背诵,U3词组,划船,row boats,,问答
6B英语背诵,U3词组,标志着夏天的结束,marks the end of summer,,问答
6B英语背诵,U3词组,观看音乐会,watch a concert,,问答
6B英语背诵,U3词组,中国农历,Chinese lunar calendar,,问答
6B英语背诵,U3词组,倒计时秒数,count down the seconds,,问答
6B英语背诵,U3词组,不过如此,just so so,,问答
6B英语背诵,U3词组,在室外生一大堆火,make a big outdoor fire,,问答
6B英语背诵,U3词组,春卷,spring rolls,,问答
6B英语背诵,U3词组,贝多芬第九交响曲,Beethoven’s Ninth Symphony,,问答
6B英语背诵,U3词组,观看龙舟赛,watch the dragon boat race,,问答
6B英语背诵,U3词组,看一场舞狮表演,watch a lion dance,,问答
6B英语背诵,U3词组,闭幕烟花音乐会,Closing Fireworks Concert,,问答
6B英语背诵,U3词组,在时代广场,in Times Square,,问答
6B英语背诵,U3词组,轮流互相问题,take turns to ask each other questions,,问答
6B英语背诵,U3词组,有不同的主题,have a different theme,,问答
6B英语背诵,U3词组,记录你同伴的回答,note down your partner’s answers,,问答
6B英语背诵,U3词组,一个关于青少年生活的网站,a website about teenage life,,问答
6B英语背诵,U3词组,用坚果和糖做成的半月形年糕,a half-moon-shaped rice cake with nuts and sugar,,问答
6B英语背诵,U3词组,世界上最大的冰雪节之一,one of the largest ice and snow festivals in the world,,问答
6B英语背诵,U3词组,流传到许多别的国家,spread to many other countries,,问答
6B英语背诵,U3词组,有三千多年历史,with a history of over three thousand years,,问答
6B英语背诵,U3词组,家庭团聚的传统节日,a traditional day for family reunions,,问答
6B英语背诵,U3词组,在农历八月十五日,on the 15th day of the eight lunar month,,问答
6B英语背诵,U3词组,祝你新的一年健康富足,wish you a healthy and wealthy New Year,,问答
6B英语背诵,U3句子,世界上最大的冰雪节之一在哈尔滨。,One of the largest ice and snow festivals in the world is in Harbin.,,问答
6B英语背诵,U3句子,你参加了哪些节日活动？,What festival activities did you take part in?,,问答
6B英语背诵,U3句子,我们在天安门广场观看了灯光秀并倒数计时。,We watched a light show and counted down the seconds in Tian'anmen Square.,,问答
6B英语背诵,U3句子,为什么不同国家的人民视同一个节日？,Why do people in different countries celebrate the same festival?,,问答
6B英语背诵,U3句子,"按照习俗,吃到一个装着硬币的孩子是幸运的。","According to the custom, it is lucky to eat the jiaozi with a coin in it.",,问答
6B英语背诵,U3句子,放学后我经常参加不同的活动。,I often take part in different activities after school.,,问答
6B英语背诵,U3句子,他们认为长寿面能给他们带来好运,They think that long noodles can bring them good luck.,,问答
6B英语背诵,U3句子,去年春节我们俩都是在家里度过的。,Both of us spent the last Spring Festival at home.,,问答
6B英语背诵,U3句子,哪一次经历是最难忘的？,Which experience was the most unforgettable?,,问答
6B英语背诵,U3句子,百灵从来没有看过音乐剧。,Bailing has never seen a musical before.,,问答
6B英语背诵,U3句子,新年除夕那天他们和家人在一起是多么开心啊!,How happy they were with their family on New Year's Eve!,,问答
6B英语背诵,U3句子,"我们发出邀请,来邀请我们的朋友们参加我们的音乐节。",We made the invitations to ask our friends to join us for the music festival.,,问答
6B英语背诵,U3句子,"中秋节有着几千年的历史,是家庭团聚的日子。","With a history of thousands of years, the Mid-Autumn Festival is a day for family reunions.",,问答
6B英语背诵,U3句子,哈尔滨国际冰雪节每年1月到2月举办。,The Harbin International Ice and Snow Festival takes place from January to February every year.,,问答
6B英语背诵,U3句子,这场盛会标志着夏天的结束。,The party marks the end of the summer.,,问答
6B英语背诵,U3句子,我可以想象到。,I can imagine that.,,问答
6B英语背诵,U3句子,"这一天有着数千年的历史,是家庭团聚的日子。","With a history of thousands of years, it's a day for family reunions.",,问答
6B英语背诵,U3句子,有很多戏剧、表演、歌剧和音乐会。,"There are a lot of plays, performances, operas and concerts.",,问答
6B英语背诵,U3句子,人们通常会在端午节做什么?,What do people usually do at the Dragon Boat Festival?,,问答
6B英语背诵,U3句子,我想邀请你去我明天的生日派对。,I'd like to invite you to my birthday party tomorrow.,,问答
6B英语背诵,U3句子,新电影充满了动作(场面)。,The new film/movie is full of action.,,问答
6B英语背诵,U3句子,中国人认为红色代表幸运。,Chinese people think the red colour stands for luck.,,问答
6B英语背诵,U3句子,学生们希望他们将有一个美好的学校生活。,Students hope that they will have a wonderful school life.,,问答
6B英语背诵,U3句子,多么有趣的庆祝活动啊,What an interesting celebration it is!,,问答
6B英语背诵,U3句子,正式的邀请能显示尊重和礼貌。,Formal invitations can show great respect and politeness.,,问答
6B英语背诵,U3句子,那天的夜晚是多么宁静啊!,What a quiet night it was that day!,,问答
6B英语背诵,U3句子,"我们去年去了爱丁堡国际艺术节,看到了艺术家们的街头表演,",We went to the Edinburgh Festival last year and saw musicians perform street shows.,,问答
6B英语背诵,U3句子,很多人查看了我们的网站来获取更多的信息。,Many people checked out our website for more information.,,问答
6B英语背诵,U3句子,"中秋节传播到了很多国家,例如日本和韩国。","The Mid-Autumn Festival spread to many other countries, such as Japan and South Korea.",,问答
6B英语背诵,U4词组,季节性活动,seasonal activities,,问答
6B英语背诵,U4词组,堆雪人,make snowmen,,问答
6B英语背诵,U4词组,去游泳,go swimming,,问答
6B英语背诵,U4词组,去骑自行车,go cycling,,问答
6B英语背诵,U4词组,采取措施做某事,take action to do sth.,,问答
6B英语背诵,U4词组,去远足,go hiking,,问答
6B英语背诵,U4词组,尽某人最大努力做某事,try one's best to do sth.,,问答
6B英语背诵,U4词组,事实上,in fact,,问答
6B英语背诵,U4词组,我们计划去远足,we plan to go hiking,,问答
6B英语背诵,U4词组,时不时地,from time to time,,问答
6B英语背诵,U4词组,他将要去骑自行车,he will go cycling,,问答
6B英语背诵,U4词组,处理,deal with,,问答
6B英语背诵,U4词组,一场大火在厨房爆发,a big fire broke out in the kitchen,,问答
6B英语背诵,U4词组,"出现,爆发",break out,,问答
6B英语背诵,U4词组,他时不时地说谎,he tells a lie from time to time,,问答
6B英语背诵,U4词组,外出郊游,go on an outing,,问答
6B英语背诵,U4词组,一辆红色双层巴士,a red double-decker bus,,问答
6B英语背诵,U4词组,天气预报,weather report,,问答
6B英语背诵,U4词组,搜索许多的信息,search for a lot of/lots of information,,问答
6B英语背诵,U4词组,植树,plant trees,,问答
6B英语背诵,U4词组,引起许多健康问题,caused many health problems,,问答
6B英语背诵,U4词组,预测天气,predict weather,,问答
6B英语背诵,U4词组,和朋友一起去徒步,go hiking with friends,,问答
6B英语背诵,U4词组,采取行动,take action,,问答
6B英语背诵,U4词组,一波极端热浪,an extreme heatwave,,问答
6B英语背诵,U4词组,新闻标题,newspaper headline,,问答
6B英语背诵,U4词组,庆祝春节,celebrate the Spring Festival,,问答
6B英语背诵,U4词组,打破记录,break records,,问答
6B英语背诵,U4词组,吃冰镇过的蔬菜,eat iced vegetables,,问答
6B英语背诵,U4词组,气象卫星,weather satellite,,问答
6B英语背诵,U4词组,使它一天天变糟,make it worse day by day,,问答
6B英语背诵,U4词组,砍伐树木,cut down trees,,问答
6B英语背诵,U4词组,采取行动保护自然环境,go green,,问答
6B英语背诵,U4词组,气象站,weather station,,问答
6B英语背诵,U4词组,和朋友一起去滑冰,go skating with friends,,问答
6B英语背诵,U4词组,放风筝,fly kites,,问答
6B英语背诵,U4词组,收集一些信息,collect some information,,问答
6B英语背诵,U4词组,享受阳光,enjoy the sunshine,,问答
6B英语背诵,U4词组,上升的平均气温,the rising average temperature,,问答
6B英语背诵,U4词组,减速,slow down,,问答
6B英语背诵,U4词组,自从18世纪后期以来,since the late 1700s,,问答
6B英语背诵,U4词组,极端天气,extreme weather,,问答
6B英语背诵,U4词组,润色他们的邮件,polish their emails,,问答
6B英语背诵,U4词组,气象气球,weather balloons,,问答
6B英语背诵,U4词组,预测天气的不同方式,different ways to predict weather,,问答
6B英语背诵,U4词组,病倒了,fall ill,,问答
6B英语背诵,U4词组,测量气压和风速,measure air pressure and wind speed,,问答
6B英语背诵,U4词组,测量气温和湿度,measure temperature and wetness,,问答
6B英语背诵,U4词组,记得随身带伞,remember to take your umbrella with you,,问答
6B英语背诵,U4词组,采取措施让空气更加干净,take action to make the air cleaner,,问答
6B英语背诵,U4句子,我正在寻找我丢失的钥匙。,I am searching for my lost keys.,,问答
6B英语背诵,U4句子,我们应该采取行动减少空气污染。,We should take action to reduce air pollution.,,问答
6B英语背诵,U4句子,降低价格的最好方式是增加产品的数量。,The best way to lower the price is to increase the number of products.,,问答
6B英语背诵,U4句子,关于车辆的事故有很多原因。,There are many causes of the accidents about the cars.,,问答
6B英语背诵,U4句子,这个女孩的病情越来越严重。,The girl's illness got worse and worse.,,问答
6B英语背诵,U4句子,你不需要加热它。,You don't need to heat it.,,问答
6B英语背诵,U4句子,政府计划增加更多的道路。,The government plans to increase more roads.,,问答
6B英语背诵,U4句子,这所学校发生了几起事故。,Several accidents happened in this school.,,问答
6B英语背诵,U4句子,你可以这么说(表示同意),You can say that.,,问答
6B英语背诵,U4句子,天气是一个稳妥的话题。,Weather is a safe topic.,,问答
6B英语背诵,U4句子,伦敦时不时会下雨。,It rains in London from time to time.,,问答
6B英语背诵,U4句子,天气是怎么影响我们的生活的？,How does weather affect our lives?,,问答
6B英语背诵,U4句子,在春天里去徒步并享受阳光真好。,It's nice to go hiking and enjoy the sunshine in spring.,,问答
6B英语背诵,U4句子,昨晚气温降到了零下 10 摄氏度。,The temperature dropped to ten degrees Celsius below zero last night.,,问答
6B英语背诵,U4句子,7 月 19 日那天英国出现了极端热浪。,The 19th of July saw an extreme heatwave in the UK.,,问答
6B英语背诵,U4句子,位于雅典的“风之塔”据说是世界上第一座气象站。,The Tower of the Winds in Athens is said to be the world's first weather station.,,问答
6B英语背诵,U4句子,气温降至 3 摄氏度。,The temperature drops to three degrees Celsius.,,问答
6B英语背诵,U4句子,多地气温破历史纪录。,Temperatures in several places broke records.,,问答
6B英语背诵,U4句子,"由于极端的气温,多地火车不得不减速慢行。",Trains had to slow down in many areas because of the extreme temperature.,,问答
6B英语背诵,U4句子,"学生穿短袖和短裤,而非校服,在室内活动。","Pupils wear T-shirts and shorts, not their school uniforms, and play indoors.",,问答
6B英语背诵,U4句子,人们应该采取措施来控制气候变化。,People should take action to control the climate change.,,问答
6B英语背诵,U4句子,春天是访问伦敦最好的时节。,Spring is the best time to visit London.,,问答
6B英语背诵,U4句子,曼彻斯特在伦敦西北面 300 公里处。,Manchester is about 300 kilometres northwest of London.,,问答
6B英语背诵,U4句子,和我家人一起庆祝春节是很有乐趣的。,It's fun to celebrate the Spring Festival with my family.,,问答
6B英语背诵,U4句子,英国热浪再创新高。,UK heatwave hits a new high.,,问答
6B英语背诵,U4句子,英国发生了什么？,What happened to the UK?,,问答
6B英语背诵,U4句子,人们怎么应对炎热？,What did people do with the heat?,,问答
6B英语背诵,U4句子,使用煤炭、砍伐森林和开车导致了平均气温的上升的问题。,"Using coal, cutting down forests and driving cars caused the problem of rising average temperature.",,问答
6B英语背诵,U4句子,"为了阻止气温上升, 人们应该尽力采用绿色环保措施。","To stop the temperature from increasing, people should try their best to go green.",,问答
6B英语背诵,U4 24节气,立春,Start of Spring,,问答
6B英语背诵,U4 24节气,雨水,Rain Water,,问答
6B英语背诵,U4 24节气,惊蛰,Insects Awaken,,问答
6B英语背诵,U4 24节气,春分,Spring Equinox,,问答
6B英语背诵,U4 24节气,清明,Clear and Bright,,问答
6B英语背诵,U4 24节气,谷雨,Grain Rain,,问答
6B英语背诵,U4 24节气,立夏,Start of Summer,,问答
6B英语背诵,U4 24节气,小满,Grain Buds,,问答
6B英语背诵,U4 24节气,芒种,Grain in Ear,,问答
6B英语背诵,U4 24节气,夏至,Summer Solstice,,问答
6B英语背诵,U4 24节气,小暑,Minor Heat,,问答
6B英语背诵,U4 24节气,大暑,Major Heat,,问答
6B英语背诵,U4 24节气,立秋,Start of Autumn,,问答
6B英语背诵,U4 24节气,处暑,The End of Heat,,问答
6B英语背诵,U4 24节气,白露,White Dew,,问答
6B英语背诵,U4 24节气,秋分,Autumn Equinox,,问答
6B英语背诵,U4 24节气,寒露,Cold Dew,,问答
6B英语背诵,U4 24节气,霜降,Frost's Descent,,问答
6B英语背诵,U4 24节气,立冬,Start of Winter,,问答
6B英语背诵,U4 24节气,小雪,Minor Snow,,问答
6B英语背诵,U4 24节气,大雪,Major Snow,,问答
6B英语背诵,U4 24节气,冬至,Winter Solstice,,问答
6B英语背诵,U4 24节气,小寒,Minor Cold,,问答
6B英语背诵,U4 24节气,大寒,Major Cold,,问答
6B英语背诵,U5词组,把垃圾分类,sort rubbish/litter,,问答
6B英语背诵,U5词组,捡垃圾,pick up litter/rubbish,,问答
6B英语背诵,U5词组,关掉水龙头,turn off the tap,,问答
6B英语背诵,U5词组,刷牙,brush your teeth,,问答
6B英语背诵,U5词组,塑料瓶,plastic bottles,,问答
6B英语背诵,U5词组,可重复使用的购物袋,reusable shopping bags,,问答
6B英语背诵,U5词组,公共交通,public transportation,,问答
6B英语背诵,U5词组,乘坐公共交通,take public transport,,问答
6B英语背诵,U5词组,我们必须采取措施去拯救这颗星球,we must take action to save the planet,,问答
6B英语背诵,U5词组,战争或许会爆发,the war might break out,,问答
6B英语背诵,U5词组,增强他们在学校成功的能力,increases their abilities to succeed in school,,问答
6B英语背诵,U5词组,搜索有用的信息,search for useful information,,问答
6B英语背诵,U5词组,请关掉流水的水龙头,Please turn off the running tap,,问答
6B英语背诵,U5词组,创建一个绿色环保小区,build a green neighbourhood,,问答
6B英语背诵,U5词组,收集瓶子,collect bottles,,问答
6B英语背诵,U5词组,修理旧物件,repair old items,,问答
6B英语背诵,U5词组,垃圾分类,sort rubbish,,问答
6B英语背诵,U5词组,做布包,make cloth bags,,问答
6B英语背诵,U5词组,捡起垃圾,pick up litter,,问答
6B英语背诵,U5词组,写日记,write a diary,,问答
6B英语背诵,U5词组,减少使用塑料,reduce plastic,,问答
6B英语背诵,U5词组,产生影响,make a difference,,问答
6B英语背诵,U5词组,浪费电,waste electricity,,问答
6B英语背诵,U5词组,一个垃圾回收桶,a recycling bin,,问答
6B英语背诵,U5词组,废弃的食物,waste foods,,问答
6B英语背诵,U5词组,关水龙头,turn off the tap,,问答
6B英语背诵,U5词组,电车,electric cars,,问答
6B英语背诵,U5词组,采取行动,take action,,问答
6B英语背诵,U5词组,轮流,take turns,,问答
6B英语背诵,U5词组,上环境课,have environmental classes,,问答
6B英语背诵,U5词组,把……和……混合在一起,mix … up with …,,问答
6B英语背诵,U5词组,低能耗的大楼,low-energy buildings,,问答
6B英语背诵,U5词组,关灯,turn off the light,,问答
6B英语背诵,U5词组,省电,save electricity,,问答
6B英语背诵,U5词组,谈论我的祖国,talk about my home country,,问答
6B英语背诵,U5词组,做演讲,make a speech,,问答
6B英语背诵,U5词组,成为一个绿色花园城市,become a green garden city,,问答
6B英语背诵,U5词组,教我们如何种向日葵,teach us how to plant sunflowers,,问答
6B英语背诵,U5词组,鼓励学生步行去学校,encourage students to walk to school,,问答
6B英语背诵,U5词组,写关于绿色体验的日记,write a diary about green experiences,,问答
6B英语背诵,U5词组,学习更多关于环境保护的内容,learn more about environmental protection,,问答
6B英语背诵,U5词组,轮流掷骰子,take turns to roll the dice,,问答
6B英语背诵,U5词组,变得绿色环保,go green,,问答
6B英语背诵,U5词组,庆祝地球日的活动,Earth Day celebrations,,问答
6B英语背诵,U5词组,错过一个回合,miss a turn,,问答
6B英语背诵,U5词组,垃圾分类,sort the rubbish,,问答
6B英语背诵,U5词组,重复使用布质购物袋,reuse cloth bags,,问答
6B英语背诵,U5词组,减少使用塑料,reduce the use of plastic,,问答
6B英语背诵,U5词组,回收废弃物,recycle the waste,,问答
6B英语背诵,U5词组,正变得糟糕,be getting worse,,问答
6B英语背诵,U5词组,某人自己,on one's own,,问答
6B英语背诵,U5词组,创作艺术作品,make works of art,,问答
6B英语背诵,U5句子,这个应该有助于减轻痛楚。,This should help reduce the pain.,,问答
6B英语背诵,U5句子,家长应该经常鼓励他们的孩子在空闲时间去阅读更多的书。,Parents should often encourage their children to read more books in their free time.,,问答
6B英语背诵,U5句子,我们重复使用纸张以保护环境。,We reuse the paper to protect the environment.,,问答
6B英语背诵,U5句子,妈妈经常告诉我不要浪费食物。,Mum always tells me not to waste food.,,问答
6B英语背诵,U5句子,然而，我们不应该忘记环保的问题。,"However, we should not forget the problems of environmental protection.",,问答
6B英语背诵,U5句子,我们应该重复使用塑料袋。,We should reuse the plastic bags.,,问答
6B英语背诵,U5句子,牙医要求我每天刷两次牙。,The dentist asked me to brush teeth twice a day.,,问答
6B英语背诵,U5句子,政府鼓励我们节约用电。,The government encourages us to save electricity.,,问答
6B英语背诵,U5句子,学生们不应该把时间浪费在电脑游戏上。,Students should not waste time on computer games.,,问答
6B英语背诵,U5句子,让我们一起创建绿色环保小区。,Let's build a green neighbourhood together.,,问答
6B英语背诵,U5句子,我们可以叫人们把塑料瓶放进可回收桶。,We can tell people to put plastic bottles in the recycling bin.,,问答
6B英语背诵,U5句子,请不要把它们和废弃食物混在一起。,Don't mix them up with waste food.,,问答
6B英语背诵,U5句子,"当你刷牙的时候,请不要浪费水。",Don't waste water when brushing your teeth.,,问答
6B英语背诵,U5句子,政府鼓励人们乘坐公共交通工具。,The government encourages people to take public transport.,,问答
6B英语背诵,U5句子,每个人都在采取行动让新加坡更绿。,Everybody is taking action to make Singapore greener.,,问答
6B英语背诵,U5句子,"这不仅是为了地球,也是为了人类的将来。",It's not only for the Earth but also for the future of mankind.,,问答
6B英语背诵,U5句子,我用我的旧T恤衫做了个布包。,I made a cloth bag out of my old T-shirt.,,问答
6B英语背诵,U5句子,妈妈给我竖起了大拇指。,My mum gave me a thumbs-up.,,问答
6B英语背诵,U5句子,我们甚至可以自己制作环保购物袋。,We can even make reusable shopping bags on our own.,,问答
6B英语背诵,U5句子,明年他们将要建造一座新桥。,They will build a new bridge next year.,,问答
6B英语背诵,U5句子,"我们应该学会回收废物,减少污染。",We should learn to recycle the waste and reduce the pollution.,,问答
6B英语背诵,U5句子,吃早饭前你不刷牙也不洗脸。,You don't brush teeth or wash the face before breakfast.,,问答
6B英语背诵,U5句子,"我的爸爸经常鼓励我要面对困难,变得勇敢。",My father always encourages me to face the difficulties and become brave.,,问答
6B英语背诵,U5句子,父母告诉我们要把塑料瓶放到回收垃圾箱里。,Parents tell us to put plastic bottles in the recycling bin.,,问答
6B英语背诵,U5句子,你能把这个塑料瓶放进可回收桶么？,Can you put the plastic bottle in the recycling bin?,,问答
6B英语背诵,U5句子,你们自己制作环保购物袋怎么样？,What about making reusable shopping bags on your own?,,问答
6B英语背诵,U5句子,所有国家都应该尽自己的一份力让地球更绿。,All the countries should do their share to make the Earth greener.,,问答
6B英语背诵,U5句子,杰森昨天做了个演讲介绍他的祖国新加坡。,Jason made a speech yesterday to introduce his home country Singapore.,,问答
6B英语背诵,U5句子,第一个到达终点标识的人取胜。,The first person to get to the Finish sign wins the game.,,问答
6B英语背诵,U6词组,发表引力理论,publish the theory of gravity,,问答
6B英语背诵,U6词组,闯入房屋,break into a house,,问答
6B英语背诵,U6词组,创办第一所护士学校,start the first school for nurses,,问答
6B英语背诵,U6词组,失去生命,lose one's life,,问答
6B英语背诵,U6词组,发明一种既安全又便宜的灯泡,invent a safe and inexpensive light bulb,,问答
6B英语背诵,U6词组,种植世界上第一批杂交水稻,grow the world's first hybrid rice plants,,问答
6B英语背诵,U6词组,开第一个电站赚钱,open the first power station to make money,,问答
6B英语背诵,U6词组,成功地完成了他的第一个发明,make his first successful invention,,问答
6B英语背诵,U6词组,一本关于中医的名著,a famous book on Traditional Chinese Medicine,,问答
6B英语背诵,U6词组,因它的当地小吃而闻名,is famous for its local snacks,,问答
6B英语背诵,U6词组,照顾病人,take care of sick people,,问答
6B英语背诵,U6词组,尝试写剧本,try writing plays,,问答
6B英语背诵,U6词组,最伟大的发明之一,one of the greatest inventions,,问答
6B英语背诵,U6词组,种植杂交水稻,grow hybrid rice,,问答
6B英语背诵,U6词组,发表一篇关于广义相对论的论文,publish a paper on the theory of general relativity,,问答
6B英语背诵,U6词组,创造许多独特的角色,create many unique characters,,问答
6B英语背诵,U6词组,数以百万计的书,millions of books,,问答
6B英语背诵,U6词组,获得诺贝尔奖,win the Nobel Prize,,问答
6B英语背诵,U6词组,历史上的名人,famous people in history,,问答
6B英语背诵,U6词组,直到最后,until the end,,问答
6B英语背诵,U6词组,发表万有引力理论,publish the theory of gravity,,问答
6B英语背诵,U6词组,到达标记,reach the mark,,问答
6B英语背诵,U6词组,经历和成就,experiences and achievements,,问答
6B英语背诵,U6词组,另外两个科学家,two other scientists,,问答
6B英语背诵,U6词组,在17世纪10年代初,in the early 1610s,,问答
6B英语背诵,U6词组,把石头放在船上,put rocks on the boat,,问答
6B英语背诵,U6词组,一个聪明的发明家,a smart inventor,,问答
6B英语背诵,U6词组,在舞台上,on the stage,,问答
6B英语背诵,U6词组,分享关于莎士比亚的简短传记,share a short biography about Shakespeare,,问答
6B英语背诵,U6词组,带来很多新想法和思想,bring a lot of new ideas and thoughts,,问答
6B英语背诵,U6词组,一次到多伦路的出游,an outing to Duolun Road,,问答
6B英语背诵,U6词组,帮助治疗癌症,help treat cancer,,问答
6B英语背诵,U6词组,获得诺贝尔化学奖,win a Nobel Prize in Chemistry,,问答
6B英语背诵,U6词组,发明一个不贵的灯泡,invent an inexpensive light bulb,,问答
6B英语背诵,U6词组,为邮票俱乐部设计邮票,design stamps for the stamp club,,问答
6B英语背诵,U6词组,一间中式茶馆,a Chinese-style tea house,,问答
6B英语背诵,U6词组,让角色栩栩如生,bring characters to life,,问答
6B英语背诵,U6词组,以减肥,to lose weight,,问答
6B英语背诵,U6词组,照顾这些孩子,take care of/look after the children,,问答
6B英语背诵,U6词组,关于……的讲座,a lecture on …,,问答
6B英语背诵,U6词组,花费一个月帮助,spend a month helping,,问答
6B英语背诵,U6词组,改变我的想法,changed my mind,,问答
6B英语背诵,U6词组,在历史上,in history,,问答
6B英语背诵,U6词组,伟大的科学家,great scientists,,问答
6B英语背诵,U6词组,发明电灯泡,invent the light bulb,,问答
6B英语背诵,U6词组,改变世界的人,world changer,,问答
6B英语背诵,U6词组,在二战期间,during World War II,,问答
6B英语背诵,U6词组,发现青霉,discover penicillin,,问答
6B英语背诵,U6词组,照顾病人,take care of sick people,,问答
6B英语背诵,U6词组,写剧本,write plays,,问答
6B英语背诵,U6词组,教一名士兵,save a soldier,,问答
6B英语背诵,U6词组,丧生,lose one's life,,问答
6B英语背诵,U6词组,在 16 世纪 80 年代末,in the late 1580s,,问答
6B英语背诵,U6词组,碰碰运气,try one's luck,,问答
6B英语背诵,U6词组,标记水位,mark the level of the water,,问答
6B英语背诵,U6词组,使……生动起来,bring … to life,,问答
6B英语背诵,U6句子,牛顿于 1687 年发表了万有引力理论。,Newton published the theory of gravity in 1687.,,问答
6B英语背诵,U6句子,爱迪生在纽约成功地完成了他的第一项发明。,Edison made his first successful invention in New York.,,问答
6B英语背诵,U6句子,南丁格尔一生都在照顾病人。,Nightingale spent her life taking care of/looking after the sick people.,,问答
6B英语背诵,U6句子,"人们喜欢他的戏剧,因为他创造了许多独特的人物,并把他们带到舞台上。","People loved his plays, because he created many unique characters and brought them to life on the stage.",,问答
6B英语背诵,U6句子,"他让一些人把石头放在船上,直到水达到标记处。",He asked some people to put rocks on the boat until the water reached the mark.,,问答
6B英语背诵,U6句子,他决定要成为一名发明家。,He decided to become an inventor.,,问答
6B英语背诵,U6句子,我认为他将会成功。,I think he is going to be successful.,,问答
6B英语背诵,U6句子,我看电视花的时间太多。,I spend too much time watching television/TV.,,问答
6B英语背诵,U6句子,我会在外面等到会议结束。,I’ll wait outside until the meeting’s over.,,问答
6B英语背诵,U6句子,我们必须立即采取行动。,We must take action at once.,,问答
6B英语背诵,U6句子,在平底锅里将西红柿和油加热。,Heat the tomatoes and oil in a pan.,,问答
6B英语背诵,U6句子,两国之间的贸易在去年增长了。,Trade between the two countries increased last year.,,问答
6B英语背诵,U6句子,他去年写过几本关于印度的书。,He wrote several books about India last year.,,问答
6B英语背诵,U6句子,王一鸣正在看关于改变世界的名人的网页。,Wang Yiming is looking at a web page about famous world changers.,,问答
6B英语背诵,U6句子,爱迪生开设了第一家发电站来赚钱。,Edison opened the first power station to make money.,,问答
6B英语背诵,U6句子,白求恩在二战中救了很多中国士兵。,Bethune saved many Chinese soldiers during World War II.,,问答
6B英语背诵,U6句子,在《本草纲目》中有 1892 种不同的药草。,There are 1892 different herbs in Bencao Gangmu.,,问答
6B英语背诵,U6句子,莎士比亚在 16 世纪 80 年代末去伦敦碰碰运气。,Shakespeare went to London to try his luck in the late 1580s.,,问答
6B英语背诵,U6句子,"莎士比亚创作了许多角色,并使他们栩栩如生。",Shakespeare created many characters and brought them to life.,,问答
6B英语背诵,U6句子,"他的作品让我们笑,让我们哭,让我们思考。","His works make us laugh, cry and think.",,问答
6B英语背诵,U6句子,这头大象有多重?,How heavy is this elephant?,,问答
6B英语背诵,U6句子,他命人在船的一边标记水位。,He asked someone to mark the level of the water on its side.,,问答
6B英语背诵,U6句子,"他们称了石头的重量,得到了大象的重量。",They weighed the rocks and got the elephant's weight.,,问答
6B英语背诵,U6句子,爱迪生是世界上最有名的发明家之一。,Edison is one of the most famous inventors in the world.,,问答
6B英语背诵,U6句子,妈妈花费了一小时做了一个蛋糕。,Mum spent one hour making a cake.,,问答
6B英语背诵,U6句子,花店里有成百上千朵花。,There are hundreds of flowers in the flower shop.,,问答
6B英语背诵,U6句子,Alice 有一个良好的饮食习惯并且她成功地减减肥。,Alice has a good eating habit and she loses weight successfully.,,问答
6B英语背诵,U6句子,我认为这将会成功。,I think it will be successful.,,问答
6B英语背诵,U6句子,莎士比亚于 1564 年 4 月 26 日出生在英国中部的斯特拉特福。,"Shakespeare was born on April 26th, 1564, in Stratford-upon-Avon.",,问答
6B英语背诵,U6句子,多少?我刚没听清楚。,How many? I didn't quite catch that.,,问答
6B英语背诵,U6句子,"在见到穷人的生活后,他写下了像《哈姆雷特》这样的悲剧。","After seeing how poor people lived, he wrote tragedies like Hamlet.",,问答
6B英语背诵,U6句子,"他要求其他人往船上放石头,直到水面达到某个标记。",He asked other people to put rocks on the boat until the water reached the mark.,,问答
6B英语背诵,U6句子,她是第一个获得诺贝尔化学奖的女性。,She was the first woman to win a Nobel Prize in Chemistry.,,问答
6B英语背诵,U1单词,"adj. 不同的,有区别的",different,,问答
6B英语背诵,U1单词,n. 鼓; v. 打鼓,drum,,问答
6B英语背诵,U1单词,n. 不同之处,difference,,问答
6B英语背诵,U1单词,n. 鼓手,drummer,,问答
6B英语背诵,U1单词,v. 使激动;使兴奋,excite,,问答
6B英语背诵,U1单词,prep. 没有;缺乏,without,,问答
6B英语背诵,U1单词,adj. 令人兴奋的;令人激动的,exciting,,问答
6B英语背诵,U1单词,"prep. (表示关系)和……在一起;(表示状态)具有,带有;(表示方式)用,以,借",with,,问答
6B英语背诵,U1单词,adj. 感到兴奋的;感到激动的,excited,,问答
6B英语背诵,U1单词,n. 技巧;技艺,skill,,问答
6B英语背诵,U1单词,adj. 颜色鲜艳的;五彩缤纷的,colourful,,问答
6B英语背诵,U1单词,"adj. 熟练的,制作精良的",skillful,,问答
6B英语背诵,U1单词,n. 颜色,colour,,问答
6B英语背诵,U1单词,n. 人;个人,person,,问答
6B英语背诵,U1单词,adj. (头发或皮肤)浅色的;白皙的;公平的,fair,,问答
6B英语背诵,U1单词,adj. 个人的;亲自的,personal,,问答
6B英语背诵,U1单词,adj. 不公平的,unfair,,问答
6B英语背诵,U1单词,n. 性格;个性,personality,,问答
6B英语背诵,U1单词,v. 意思是,mean,,问答
6B英语背诵,U1单词,adj. 充满智慧的;明智的,wise,,问答
6B英语背诵,U1单词,n. 意思,meaning,,问答
6B英语背诵,U1单词,n. 智慧,wisdom,,问答
6B英语背诵,U1单词,adj. 有意义的,meaningful,,问答
6B英语背诵,U1单词,adv. 明智地;聪明地,wisely,,问答
6B英语背诵,U1单词,adj. 直的,straight,,问答
6B英语背诵,U1单词,n. 天赋,talent,,问答
6B英语背诵,U1单词,adv. 笔直地,straight,,问答
6B英语背诵,U1单词,adj. 有天赋的,talented,,问答
6B英语背诵,U1单词,n. 能力;才能,ability,,问答
6B英语背诵,U1单词,v. 笑,laugh,,问答
6B英语背诵,U1单词,adj. 能够,able,,问答
6B英语背诵,U1单词,n. 笑声,laughter,,问答
6B英语背诵,U1单词,v. 使……能够,enable,,问答
6B英语背诵,U2单词,n. 公告;通告,announcement,,问答
6B英语背诵,U2单词,v. 坐;坐落在,sit,,问答
6B英语背诵,U2单词,v. 宣告;宣布,announce,,问答
6B英语背诵,U2单词,n. 座位,seat,,问答
6B英语背诵,U2单词,adj. 破损的;伤残的,broken,,问答
6B英语背诵,U2单词,v. 遵循;跟随,follow,,问答
6B英语背诵,U2单词,v. 打破;休息,break,,问答
6B英语背诵,U2单词,adj. 下述的;接着的,following,,问答
6B英语背诵,U2单词,n. 容器,container,,问答
6B英语背诵,U2单词,adj. 重要的;有重大影响的,important,,问答
6B英语背诵,U2单词,v. 包含;容纳,contain,,问答
6B英语背诵,U2单词,n. 重要性,importance,,问答
6B英语背诵,U2单词,n. (集体)出外游玩(或学习);远足,outing,,问答
6B英语背诵,U2单词,"n. 出席,关心,注意",attention,,问答
6B英语背诵,U2单词,"adv. 在外;adj. 界外的,出局的",out,,问答
6B英语背诵,U2单词,adj. 专注的,attentive,,问答
6B英语背诵,U2单词,adv. 专注地,attentively,,问答
6B英语背诵,U2单词,"v. 意义,意思是",mean,,问答
6B英语背诵,U2单词,n. 意思,meaning,,问答
6B英语背诵,U3单词,n. 文化,culture,,问答
6B英语背诵,U3单词,n. 传统,tradition,,问答
6B英语背诵,U3单词,adj. 文化的;与文化有关的,cultural,,问答
6B英语背诵,U3单词,adj. 传统的,traditional,,问答
6B英语背诵,U3单词,n. 钱财;财富,wealth,,问答
6B英语背诵,U3单词,v. 表演;演出,perform,,问答
6B英语背诵,U3单词,adj. 富有的,wealthy,,问答
6B英语背诵,U3单词,n. 表演,performance,,问答
6B英语背诵,U3单词,adj. 真正的,real,,问答
6B英语背诵,U3单词,v. 邀请,invite,,问答
6B英语背诵,U3单词,adv. 事实上;真正地,really,,问答
6B英语背诵,U3单词,n. 邀请;邀请函,invitation,,问答
6B英语背诵,U3单词,v. 庆祝;庆贺,celebrate,,问答
6B英语背诵,U3单词,n. 联合;联盟;协会,union,,问答
6B英语背诵,U3单词,n. 庆祝,celebration,,问答
6B英语背诵,U3单词,n. 重逢;团聚,reunion,,问答
6B英语背诵,U3单词,adj. 最大的;大多数的,most,,问答
6B英语背诵,U3单词,n. 音乐;乐曲,music,,问答
6B英语背诵,U3单词,adv. 主要地;一般地;通常,mostly,,问答
6B英语背诵,U3单词,adj. 音乐的 n. 音乐剧,musical,,问答
6B英语背诵,U3单词,n. 机遇;命运;运气,luck,,问答
6B英语背诵,U3单词,n. 德国,Germany,,问答
6B英语背诵,U3单词,adj. 幸运的;有好运的;运气好的,lucky,,问答
6B英语背诵,U3单词,adj. 德国的,German,,问答
6B英语背诵,U3单词,adj. 不幸的,unlucky,,问答
6B英语背诵,U3单词,n. 德语,German,,问答
6B英语背诵,U3单词,adv. 幸运地,luckily,,问答
6B英语背诵,U3单词,n. 德国人(复数),Germans,,问答
6B英语背诵,U3单词,adv. 不幸地,unluckily,,问答
6B英语背诵,U3单词,n. 国家;民族;国民,nation,,问答
6B英语背诵,U3单词,n. 墨西哥,Mexico,,问答
6B英语背诵,U3单词,adj. 国家的;国民的;民族的,national,,问答
6B英语背诵,U3单词,adj. 墨西哥的,Mexican,,问答
6B英语背诵,U3单词,adj. 国际的,international,,问答
6B英语背诵,U3单词,n. 墨西哥人,Mexican,,问答
6B英语背诵,U3单词,"adj. 庄重的,合乎礼仪的;（语言）正式的,规范的;（教育或培训）正规的;官方的,公开的",formal,,问答
6B英语背诵,U3单词,adj. 非正式的,informal,,问答
6B英语背诵,U3单词,"n. 行为,措施",action,,问答
6B英语背诵,U3单词,"v. 行动,表演",act,,问答
6B英语背诵,U3单词,n. 女演员,actress,,问答
6B英语背诵,U3单词,n. 男演员,actor,,问答
6B英语背诵,U3单词,"n. 活跃状况, 热闹; 活动",activity,,问答
6B英语背诵,U3单词,adv. 有规律地;定期地,regularly,,问答
6B英语背诵,U3单词,adj. 活跃的,active,,问答
6B英语背诵,U3单词,"adj. 常规的,定期的",regular,,问答
6B英语背诵,U3单词,adv. 活跃地,actively,,问答
6B英语背诵,U3单词,"n. 规则,管理",regulation,,问答
6B英语背诵,U3单词,"v. 想象,设想",imagine,,问答
6B英语背诵,U3单词,"adj. 难忘的,无法忘记的",unforgettable,,问答
6B英语背诵,U3单词,"n. 想象,想象力",imagination,,问答
6B英语背诵,U3单词,v. 忘记,forget,,问答
6B英语背诵,U3单词,adj. 想象力丰富的,imaginative,,问答
6B英语背诵,U3单词,adj. 健忘的,forgetful,,问答
6B英语背诵,U3单词,adj. 激动的;兴奋的,excited,,问答
6B英语背诵,U3单词,n. 西班牙,Spain,,问答
6B英语背诵,U3单词,"n. 兴奋,激动",excitement,,问答
6B英语背诵,U3单词,adj. 西班牙的,Spanish,,问答
6B英语背诵,U3单词,adj. 令人兴奋的,exciting,,问答
6B英语背诵,U3单词,n. 西班牙语,Spanish,,问答
6B英语背诵,U4单词,n. 地方;地点;位置,location,,问答
6B英语背诵,U4单词,n. 风,wind,,问答
6B英语背诵,U4单词,v. 确定……的位置;位于,locate,,问答
6B英语背诵,U4单词,adj. 多风的,windy,,问答
6B英语背诵,U4单词,n. 云;云朵,cloud,,问答
6B英语背诵,U4单词,n. 雾,fog,,问答
6B英语背诵,U4单词,adj. 多云的,cloudy,,问答
6B英语背诵,U4单词,adj. 有雾的,foggy,,问答
6B英语背诵,U4单词,adj. 极度的;极大的,extreme,,问答
6B英语背诵,U4单词,n. 热;高温,heat,,问答
6B英语背诵,U4单词,adv. 极其,extremely,,问答
6B英语背诵,U4单词,adj. 热的,hot,,问答
6B英语背诵,U4单词,n. 行动;行为过程,action,,问答
6B英语背诵,U4单词,n. 季;季节;赛季,season,,问答
6B英语背诵,U4单词,v. 行动;扮演,act,,问答
6B英语背诵,U4单词,adj. 季节性的,seasonal,,问答
6B英语背诵,U4单词,"v. 预计,预料",predict,,问答
6B英语背诵,U4单词,n. 冰;冰淇淋;矜持;（里）钻石,ice,,问答
6B英语背诵,U4单词,"n. 预言,预报",prediction,,问答
6B英语背诵,U4单词,adj. 冰镇的,iced,,问答
6B英语背诵,U4单词,adj. 预言性的;预测的,predictive,,问答
6B英语背诵,U4单词,adj. 结冰的,icy,,问答
6B英语背诵,U4单词,"v. 提出,推出,推行",introduce,,问答
6B英语背诵,U4单词,"v. 经验,经历,体验",experience,,问答
6B英语背诵,U4单词,n. 介绍,introduction,,问答
6B英语背诵,U4单词,"n. 经验,经历",experience,,问答
6B英语背诵,U4单词,"adj. 引导的,介绍的",introductory,,问答
6B英语背诵,U4单词,adj. 有经验的老练的,experienced,,问答
6B英语背诵,U4单词,v. 影响（往往指“不利的影响”）,affect,,问答
6B英语背诵,U4单词,"adj. 重大的,主要的;严重的;大调的",major,,问答
6B英语背诵,U4单词,"n. 影响,作用",effect,,问答
6B英语背诵,U4单词,n. 多数,majority,,问答
6B英语背诵,U4单词,"adj. 有效的,起作用的",effective,,问答
6B英语背诵,U4单词,"adj. 次要的,较小的",minor,,问答
6B英语背诵,U4单词,n. 南;（罗盘的）南方,south,,问答
6B英语背诵,U4单词,adj. 坏的;严重的;劣质的,bad,,问答
6B英语背诵,U4单词,n. 南方的,southern,,问答
6B英语背诵,U4单词,adj. (比较级) 更坏的,worse,,问答
6B英语背诵,U4单词,n. 南方人,southerner,,问答
6B英语背诵,U4单词,adj. (最高级) 最坏的,worst,,问答
6B英语背诵,U4单词,n. 位置;地点,location,,问答
6B英语背诵,U4单词,"adj. 坐落于,位于",located,,问答
6B英语背诵,U4单词,n. 湿润;下雨,wetness,,问答
6B英语背诵,U4单词,v. 弄湿 adj. 湿的,wet,,问答
6B英语背诵,U5单词,n. 街区;邻近的地方,neighbourhood,,问答
6B英语背诵,U5单词,v. 创建;建造,build,,问答
6B英语背诵,U5单词,n. 邻居,neighbour,,问答
6B英语背诵,U5单词,n. 建筑物;楼房,building,,问答
6B英语背诵,U5单词,v. 重复使用,reuse,,问答
6B英语背诵,U5单词,v. 节省;节约;救,save,,问答
6B英语背诵,U5单词,v. 使用,use,,问答
6B英语背诵,U5单词,adj. 安全的,safe,,问答
6B英语背诵,U5单词,adj. 可重复使用的;可再次使用的,reusable,,问答
6B英语背诵,U5单词,n. 安全,safety,,问答
6B英语背诵,U5单词,adv. 安全地,safely,,问答
6B英语背诵,U5单词,n. 救助者,saver,,问答
6B英语背诵,U5单词,v. 鼓励;支持;激励,encourage,,问答
6B英语背诵,U5单词,adj. 环境的,environmental,,问答
6B英语背诵,U5单词,n. 鼓励,encouragement,,问答
6B英语背诵,U5单词,n. 环境,environment,,问答
6B英语背诵,U5单词,adj. 令人鼓舞的,encouraging,,问答
6B英语背诵,U5单词,adv. 与环境有关地,environmentally,,问答
6B英语背诵,U5单词,adj. 每日的;日常的,daily,,问答
6B英语背诵,U5单词,"n. 交通车辆,旅行方式,v. 运输;运送",transport,,问答
6B英语背诵,U5单词,n. 一天,day,,问答
6B英语背诵,U5单词,n. 运输;交通方式,transportation,,问答
6B英语背诵,U5单词,v. 减少;缩小;降低,reduce,,问答
6B英语背诵,U5单词,v. 混合;融合,mix,,问答
6B英语背诵,U5单词,n. 减少,reduction,,问答
6B英语背诵,U5单词,n. 混合物,mixture,,问答
6B英语背诵,U5单词,n. 电;电能,electricity,,问答
6B英语背诵,U5单词,n. 周期;循环;自行车;摩托车,cycle,,问答
6B英语背诵,U5单词,adj. 电的;电动的,electric,,问答
6B英语背诵,U5单词,v. 回收利用,recycle,,问答
6B英语背诵,U5单词,adj. 与电容有关的,electrical,,问答
6B英语背诵,U5单词,adj. 可再循环的,recyclable,,问答
6B英语背诵,U5单词,n. 电工,electrician,,问答
6B英语背诵,U5单词,n. 骑自行车的人,cyclist,,问答
6B英语背诵,U5单词,n. 政府;政体;管辖,government,,问答
6B英语背诵,U5单词,n. [物]能量;精力;活力;精神,energy,,问答
6B英语背诵,U5单词,v. 管理,govern,,问答
6B英语背诵,U5单词,adj. 精力充沛的,energetic,,问答
6B英语背诵,U5单词,n. 统治者,governor,,问答
6B英语背诵,U5单词,adv. 精力充沛地,energetically,,问答
6B英语背诵,U5单词,n. 牙齿,tooth,,问答
6B英语背诵,U5单词,n. (复数)牙齿,teeth,,问答
6B英语背诵,U6单词,v. 称重量;权衡,weigh,,问答
6B英语背诵,U6单词,v. 乞讨;恳求;回避正题,beg,,问答
6B英语背诵,U6单词,n. 重量;分盘,weight,,问答
6B英语背诵,U6单词,n. 乞丐,beggar,,问答
6B英语背诵,U6单词,v. 发明,invent,,问答
6B英语背诵,U6单词,adj. 真正的,real,,问答
6B英语背诵,U6单词,n. 发明家,inventor,,问答
6B英语背诵,U6单词,adv. 真正地,really,,问答
6B英语背诵,U6单词,n. 发明物,invention,,问答
6B英语背诵,U6单词,v. 意识到;实现,realise,,问答
6B英语背诵,U6单词,v. 发现,discover,,问答
6B英语背诵,U6单词,n. 科学家,scientist,,问答
6B英语背诵,U6单词,n. 发现,discovery,,问答
6B英语背诵,U6单词,n. 科学,science,,问答
6B英语背诵,U6单词,n. 发现者,discoverer,,问答
6B英语背诵,U6单词,adj. 科学的,scientific,,问答
6B英语背诵,U6单词,v. 创造;创作,create,,问答
6B英语背诵,U6单词,v. 遗失;丢失,lose,,问答
6B英语背诵,U6单词,adj. 有创造力的;创造性)的,creative,,问答
6B英语背诵,U6单词,adj. 迷路的;丢失的,lost,,问答
6B英语背诵,U6单词,v. 死亡,die,,问答
6B英语背诵,U6单词,n. 电;电力供应;力量,power,,问答
6B英语背诵,U6单词,adj. 死的;失去生命的,dead,,问答
6B英语背诵,U6单词,adj. 强大的,powerful,,问答
6B英语背诵,U6单词,adj. 垂死的,dying,,问答
6B英语背诵,U6单词,adj. 无权的,powerless,,问答
6B英语背诵,U6单词,n. 死亡,death,,问答
6B英语背诵,U6单词,adv. 强大地,powerfully,,问答
6B英语背诵,U6单词,adj. 成功的;圆满的;非常赚钱的,successful,,问答
6B英语背诵,U6单词,n. 疼痛;努力,pain,,问答
6B英语背诵,U6单词,n. 成功,success,,问答
6B英语背诵,U6单词,adj. 痛苦的,painful,,问答
6B英语背诵,U6单词,v. 成功,succeed,,问答
6B英语背诵,U6单词,adv. 痛苦地,painfully,,问答
6B英语背诵,U6单词,n. 改变者,changer,,问答
6B英语背诵,U6单词,n. 诗,poem,,问答
6B英语背诵,U6单词,v. 改变,change,,问答
6B英语背诵,U6单词,adj. 诗歌的,poetic,,问答
6B英语背诵,U6单词,adj. 易变的,changeable,,问答
6B英语背诵,U6单词,n. 诗集,poetry,,问答
6B英语背诵,U6单词,n. 诗人,poet,,问答
